city,dest_id,checkin,checkout,url
Islamabad,-2762812,2026-08-06,2026-08-07,https://www.booking.com/searchresults.en-gb.html?ss=Islamabad%2C+Islamabad+Capital+Territory%2C+Pakistan&dest_id=-2762812&dest_type=city&lang=en-gb&checkin=2026-08-06&checkout=2026-08-07&group_adults=2&no_rooms=1&group_children=0
Karachi,-2764584,2026-08-06,2026-08-07,https://www.booking.com/searchresults.en-gb.html?ss=Karachi%2C+Sindh%2C+Pakistan&dest_id=-2764584&dest_type=city&lang=en-gb&checkin=2026-08-06&checkout=2026-08-07&group_adults=2&no_rooms=1&group_children=0
Lahore,-2767043,2026-08-06,2026-08-07,https://www.booking.com/searchresults.en-gb.html?ss=Lahore%2C+Punjab+Region%2C+Pakistan&dest_id=-2767043&dest_type=city&lang=en-gb&checkin=2026-08-06&checkout=2026-08-07&group_adults=2&no_rooms=1&group_children=0
Faisalabad,-2759985,2026-08-06,2026-08-07,https://www.booking.com/searchresults.en-gb.html?ss=Faisalabad%2C+Punjab+Region%2C+Pakistan&dest_id=-2759985&dest_type=city&lang=en-gb&checkin=2026-08-06&checkout=2026-08-07&group_adults=2&no_rooms=1&group_children=0
Rawalpindi,-2772585,2026-08-06,2026-08-07,https://www.booking.com/searchresults.en-gb.html?ss=Rawalpindi%2C+Punjab+Region%2C+Pakistan&dest_id=-2772585&dest_type=city&lang=en-gb&checkin=2026-08-06&checkout=2026-08-07&group_adults=2&no_rooms=1&group_children=0
Multan,-2769709,2026-08-06,2026-08-07,https://www.booking.com/searchresults.en-gb.html?ss=Multan%2C+Punjab+Region%2C+Pakistan&dest_id=-2769709&dest_type=city&lang=en-gb&checkin=2026-08-06&checkout=2026-08-07&group_adults=2&no_rooms=1&group_children=0
Gujranwala,-2761741,2026-08-06,2026-08-07,https://www.booking.com/searchresults.en-gb.html?ss=Gujr%C4%81nw%C4%81la%2C+Punjab+Region%2C+Pakistan&dest_id=-2761741&dest_type=city&lang=en-gb&checkin=2026-08-06&checkout=2026-08-07&group_adults=2&no_rooms=1&group_children=0
Sialkot,-2774710,2026-08-06,2026-08-07,https://www.booking.com/searchresults.en-gb.html?ss=Sialkot%2C+Punjab+Region%2C+Pakistan&dest_id=-2774710&dest_type=city&lang=en-gb&checkin=2026-08-06&checkout=2026-08-07&group_adults=2&no_rooms=1&group_children=0
Bahawalpur,-2755460,2026-08-06,2026-08-07,https://www.booking.com/searchresults.en-gb.html?ss=Bahawalpur%2C+Punjab+Region%2C+Pakistan&dest_id=-2755460&dest_type=city&lang=en-gb&checkin=2026-08-06&checkout=2026-08-07&group_adults=2&no_rooms=1&group_children=0
Sargodha,-2773597,2026-08-06,2026-08-07,https://www.booking.com/searchresults.en-gb.html?ss=Sargodha%2C+Punjab+Region%2C+Pakistan&dest_id=-2773597&dest_type=city&lang=en-gb&checkin=2026-08-06&checkout=2026-08-07&group_adults=2&no_rooms=1&group_children=0
Jhang,-2763544,2026-08-06,2026-08-07,https://www.booking.com/searchresults.en-gb.html?ss=Jhang+Sadr%2C+Punjab+Region%2C+Pakistan&dest_id=-2763544&dest_type=city&lang=en-gb&checkin=2026-08-06&checkout=2026-08-07&group_adults=2&no_rooms=1&group_children=0
Gujrat,-2761749,2026-08-06,2026-08-07,https://www.booking.com/searchresults.en-gb.html?ss=Gujr%C4%81t%2C+Punjab+Region%2C+Pakistan&dest_id=-2761749&dest_type=city&lang=en-gb&checkin=2026-08-06&checkout=2026-08-07&group_adults=2&no_rooms=1&group_children=0
Okara,-2770831,2026-08-06,2026-08-07,https://www.booking.com/searchresults.en-gb.html?ss=Ok%C4%81ra%2C+Punjab+Region%2C+Pakistan&dest_id=-2770831&dest_type=city&lang=en-gb&checkin=2026-08-06&checkout=2026-08-07&group_adults=2&no_rooms=1&group_children=0
Sahiwal,-2773039,2026-08-06,2026-08-07,https://www.booking.com/searchresults.en-gb.html?ss=S%C4%81h%C4%ABw%C4%81l%2C+Punjab+Region%2C+Pakistan&dest_id=-2773039&dest_type=city&lang=en-gb&checkin=2026-08-06&checkout=2026-08-07&group_adults=2&no_rooms=1&group_children=0
Dera Ghazi Khan,-2759087,2026-08-06,2026-08-07,https://www.booking.com/searchresults.en-gb.html?ss=Dera+Gh%C4%81zi+Kh%C4%81n%2C+Punjab+Region%2C+Pakistan&dest_id=-2759087&dest_type=city&lang=en-gb&checkin=2026-08-06&checkout=2026-08-07&group_adults=2&no_rooms=1&group_children=0
Mianwali,-2769101,2026-08-06,2026-08-07,https://www.booking.com/searchresults.en-gb.html?ss=Mi%C4%81nw%C4%81li%2C+Punjab+Region%2C+Pakistan&dest_id=-2769101&dest_type=city&lang=en-gb&checkin=2026-08-06&checkout=2026-08-07&group_adults=2&no_rooms=1&group_children=0
Sadiqabad,-2772932,2026-08-06,2026-08-07,https://www.booking.com/searchresults.en-gb.html?ss=Sadiqabad%2C+Punjab+Region%2C+Pakistan&dest_id=-2772932&dest_type=city&lang=en-gb&checkin=2026-08-06&checkout=2026-08-07&group_adults=2&no_rooms=1&group_children=0
Burewala,6122097,2026-08-06,2026-08-07,https://www.booking.com/searchresults.en-gb.html?ss=Burew%C4%81la%2C+Punjab+Region%2C+Pakistan&dest_id=6122097&dest_type=city&lang=en-gb&checkin=2026-08-06&checkout=2026-08-07&group_adults=2&no_rooms=1&group_children=0
Khanewal,6053492,2026-08-06,2026-08-07,https://www.booking.com/searchresults.en-gb.html?ss=Kh%C4%81new%C4%81la%2C+Punjab+Region%2C+Pakistan&dest_id=6053492&dest_type=city&lang=en-gb&checkin=2026-08-06&checkout=2026-08-07&group_adults=2&no_rooms=1&group_children=0
Hafizabad,6096485,2026-08-06,2026-08-07,https://www.booking.com/searchresults.en-gb.html?ss=H%C4%81fiz%C4%81bad%2C+Punjab+Region%2C+Pakistan&dest_id=6096485&dest_type=city&lang=en-gb&checkin=2026-08-06&checkout=2026-08-07&group_adults=2&no_rooms=1&group_children=0
Muzaffargarh,-2769931,2026-08-06,2026-08-07,https://www.booking.com/searchresults.en-gb.html?ss=Muzaffargarh%2C+Punjab+Region%2C+Pakistan&dest_id=-2769931&dest_type=city&lang=en-gb&checkin=2026-08-06&checkout=2026-08-07&group_adults=2&no_rooms=1&group_children=0
Chiniot,-2758272,2026-08-06,2026-08-07,https://www.booking.com/searchresults.en-gb.html?ss=Chiniot%2C+Punjab+Region%2C+Pakistan&dest_id=-2758272&dest_type=city&lang=en-gb&checkin=2026-08-06&checkout=2026-08-07&group_adults=2&no_rooms=1&group_children=0
Kamoke,-2764363,2026-08-06,2026-08-07,https://www.booking.com/searchresults.en-gb.html?ss=K%C4%81moke%2C+Punjab+Region%2C+Pakistan&dest_id=-2764363&dest_type=city&lang=en-gb&checkin=2026-08-06&checkout=2026-08-07&group_adults=2&no_rooms=1&group_children=0
Jhelum,-2763572,2026-08-06,2026-08-07,https://www.booking.com/searchresults.en-gb.html?ss=Jhelum%2C+Punjab+Region%2C+Pakistan&dest_id=-2763572&dest_type=city&lang=en-gb&checkin=2026-08-06&checkout=2026-08-07&group_adults=2&no_rooms=1&group_children=0
Shorkot,35575,2026-08-06,2026-08-07,https://www.booking.com/searchresults.en-gb.html?ss=Shorkot%2C+Punjab+Region%2C+Pakistan&dest_id=35575&dest_type=city&lang=en-gb&checkin=2026-08-06&checkout=2026-08-07&group_adults=2&no_rooms=1&group_children=0
Muridke,-2769843,2026-08-06,2026-08-07,https://www.booking.com/searchresults.en-gb.html?ss=Mur%C4%ABdke%2C+Punjab+Region%2C+Pakistan&dest_id=-2769843&dest_type=city&lang=en-gb&checkin=2026-08-06&checkout=2026-08-07&group_adults=2&no_rooms=1&group_children=0
Attock,-2755087,2026-08-06,2026-08-07,https://www.booking.com/searchresults.en-gb.html?ss=Attock+City%2C+Punjab+Region%2C+Pakistan&dest_id=-2755087&dest_type=city&lang=en-gb&checkin=2026-08-06&checkout=2026-08-07&group_adults=2&no_rooms=1&group_children=0
Toba Tek Singh,-2776385,2026-08-06,2026-08-07,https://www.booking.com/searchresults.en-gb.html?ss=Toba+Tek+Singh%2C+Punjab+Region%2C+Pakistan&dest_id=-2776385&dest_type=city&lang=en-gb&checkin=2026-08-06&checkout=2026-08-07&group_adults=2&no_rooms=1&group_children=0
Jampur,6120558,2026-08-06,2026-08-07,https://www.booking.com/searchresults.en-gb.html?ss=J%C4%81mpur%2C+Punjab+Region%2C+Pakistan&dest_id=6120558&dest_type=city&lang=en-gb&checkin=2026-08-06&checkout=2026-08-07&group_adults=2&no_rooms=1&group_children=0
Kabirwala,6138308,2026-08-06,2026-08-07,https://www.booking.com/searchresults.en-gb.html?ss=Kab%C4%ABrw%C4%81la%2C+Punjab+Region%2C+Pakistan&dest_id=6138308&dest_type=city&lang=en-gb&checkin=2026-08-06&checkout=2026-08-07&group_adults=2&no_rooms=1&group_children=0
Chakwal,-2757729,2026-08-06,2026-08-07,https://www.booking.com/searchresults.en-gb.html?ss=Chakw%C4%81l%2C+Punjab+Region%2C+Pakistan&dest_id=-2757729&dest_type=city&lang=en-gb&checkin=2026-08-06&checkout=2026-08-07&group_adults=2&no_rooms=1&group_children=0
Mian Channu,-2769041,2026-08-06,2026-08-07,https://www.booking.com/searchresults.en-gb.html?ss=Mi%C4%81n+Chann%C5%ABn%2C+Punjab+Region%2C+Pakistan&dest_id=-2769041&dest_type=city&lang=en-gb&checkin=2026-08-06&checkout=2026-08-07&group_adults=2&no_rooms=1&group_children=0
Narowal,-2770262,2026-08-06,2026-08-07,https://www.booking.com/searchresults.en-gb.html?ss=N%C4%81row%C4%81l%2C+Punjab+Region%2C+Pakistan&dest_id=-2770262&dest_type=city&lang=en-gb&checkin=2026-08-06&checkout=2026-08-07&group_adults=2&no_rooms=1&group_children=0
Arifwala,6134006,2026-08-06,2026-08-07,https://www.booking.com/searchresults.en-gb.html?ss=%C4%80rifw%C4%81la%2C+Punjab+Region%2C+Pakistan&dest_id=6134006&dest_type=city&lang=en-gb&checkin=2026-08-06&checkout=2026-08-07&group_adults=2&no_rooms=1&group_children=0
Gojra,-2761169,2026-08-06,2026-08-07,https://www.booking.com/searchresults.en-gb.html?ss=Gojra%2C+Punjab+Region%2C+Pakistan&dest_id=-2761169&dest_type=city&lang=en-gb&checkin=2026-08-06&checkout=2026-08-07&group_adults=2&no_rooms=1&group_children=0
Wazirabad,-2777211,2026-08-06,2026-08-07,https://www.booking.com/searchresults.en-gb.html?ss=Waz%C4%ABr%C4%81b%C4%81d%2C+Punjab+Region%2C+Pakistan&dest_id=-2777211&dest_type=city&lang=en-gb&checkin=2026-08-06&checkout=2026-08-07&group_adults=2&no_rooms=1&group_children=0
Gujar Khan,-2761721,2026-08-06,2026-08-07,https://www.booking.com/searchresults.en-gb.html?ss=G%C5%ABjar+Kh%C4%81n%2C+Punjab+Region%2C+Pakistan&dest_id=-2761721&dest_type=city&lang=en-gb&checkin=2026-08-06&checkout=2026-08-07&group_adults=2&no_rooms=1&group_children=0
Kot Radha Kishan,-2766567,2026-08-06,2026-08-07,https://www.booking.com/searchresults.en-gb.html?ss=Kot+R%C4%81dha+Kishan%2C+Punjab+Region%2C+Pakistan&dest_id=-2766567&dest_type=city&lang=en-gb&checkin=2026-08-06&checkout=2026-08-07&group_adults=2&no_rooms=1&group_children=0
Renala Khurd,-2772645,2026-08-06,2026-08-07,https://www.booking.com/searchresults.en-gb.html?ss=Ren%C4%81la+Khurd%2C+Punjab+Region%2C+Pakistan&dest_id=-2772645&dest_type=city&lang=en-gb&checkin=2026-08-06&checkout=2026-08-07&group_adults=2&no_rooms=1&group_children=0
Murree,-2769851,2026-08-06,2026-08-07,https://www.booking.com/searchresults.en-gb.html?ss=Murree%2C+Punjab+Region%2C+Pakistan&dest_id=-2769851&dest_type=city&lang=en-gb&checkin=2026-08-06&checkout=2026-08-07&group_adults=2&no_rooms=1&group_children=0
Hyderabad,-2762685,2026-08-06,2026-08-07,https://www.booking.com/searchresults.en-gb.html?ss=Hyderabad%2C+Sindh%2C+Pakistan&dest_id=-2762685&dest_type=city&lang=en-gb&checkin=2026-08-06&checkout=2026-08-07&group_adults=2&no_rooms=1&group_children=0
Sukkur,-2775228,2026-08-06,2026-08-07,https://www.booking.com/searchresults.en-gb.html?ss=Sukkur%2C+Sindh%2C+Pakistan&dest_id=-2775228&dest_type=city&lang=en-gb&checkin=2026-08-06&checkout=2026-08-07&group_adults=2&no_rooms=1&group_children=0
Larkana,-2767368,2026-08-06,2026-08-07,https://www.booking.com/searchresults.en-gb.html?ss=L%C4%81rk%C4%81na%2C+Sindh%2C+Pakistan&dest_id=-2767368&dest_type=city&lang=en-gb&checkin=2026-08-06&checkout=2026-08-07&group_adults=2&no_rooms=1&group_children=0
Khairpur,-2777775,2026-08-06,2026-08-07,https://www.booking.com/searchresults.en-gb.html?ss=Khairpur%2C+Sindh%2C+Pakistan&dest_id=-2777775&dest_type=city&lang=en-gb&checkin=2026-08-06&checkout=2026-08-07&group_adults=2&no_rooms=1&group_children=0
Sanghar,-2773428,2026-08-06,2026-08-07,https://www.booking.com/searchresults.en-gb.html?ss=S%C4%81nghar%2C+Sindh%2C+Pakistan&dest_id=-2773428&dest_type=city&lang=en-gb&checkin=2026-08-06&checkout=2026-08-07&group_adults=2&no_rooms=1&group_children=0
Kotri,-2766578,2026-08-06,2026-08-07,https://www.booking.com/searchresults.en-gb.html?ss=Kotri%2C+Sindh%2C+Pakistan&dest_id=-2766578&dest_type=city&lang=en-gb&checkin=2026-08-06&checkout=2026-08-07&group_adults=2&no_rooms=1&group_children=0
Matiari,-2768842,2026-08-06,2026-08-07,https://www.booking.com/searchresults.en-gb.html?ss=Mati%C4%81ri%2C+Sindh%2C+Pakistan&dest_id=-2768842&dest_type=city&lang=en-gb&checkin=2026-08-06&checkout=2026-08-07&group_adults=2&no_rooms=1&group_children=0
Tando Muhammad Khan,-2775694,2026-08-06,2026-08-07,https://www.booking.com/searchresults.en-gb.html?ss=Tando+Muhammad+Kh%C4%81n%2C+Sindh%2C+Pakistan&dest_id=-2775694&dest_type=city&lang=en-gb&checkin=2026-08-06&checkout=2026-08-07&group_adults=2&no_rooms=1&group_children=0
Jamshoro,-2763206,2026-08-06,2026-08-07,https://www.booking.com/searchresults.en-gb.html?ss=J%C4%81m+Shoro+%28Jamshoro%29%2C+Sindh%2C+Pakistan&dest_id=-2763206&dest_type=city&lang=en-gb&checkin=2026-08-06&checkout=2026-08-07&group_adults=2&no_rooms=1&group_children=0
Peshawar,-2771364,2026-08-06,2026-08-07,https://www.booking.com/searchresults.en-gb.html?ss=Peshawar%2C+Federally+Administered+Tribal+Area+%2C+Pakistan&dest_id=-2771364&dest_type=city&lang=en-gb&checkin=2026-08-06&checkout=2026-08-07&group_adults=2&no_rooms=1&group_children=0
Mardan,-2768636,2026-08-06,2026-08-07,https://www.booking.com/searchresults.en-gb.html?ss=Mardan%2C+Federally+Administered+Tribal+Area+%2C+Pakistan&dest_id=-2768636&dest_type=city&lang=en-gb&checkin=2026-08-06&checkout=2026-08-07&group_adults=2&no_rooms=1&group_children=0
Mingora,-2769132,2026-08-06,2026-08-07,https://www.booking.com/searchresults.en-gb.html?ss=Mingora%2C+Federally+Administered+Tribal+Area+%2C+Pakistan&dest_id=-2769132&dest_type=city&lang=en-gb&checkin=2026-08-06&checkout=2026-08-07&group_adults=2&no_rooms=1&group_children=0
Kohat,-2765988,2026-08-06,2026-08-07,https://www.booking.com/searchresults.en-gb.html?ss=Koh%C4%81t%2C+Federally+Administered+Tribal+Area+%2C+Pakistan&dest_id=-2765988&dest_type=city&lang=en-gb&checkin=2026-08-06&checkout=2026-08-07&group_adults=2&no_rooms=1&group_children=0
Abbottabad,-2754270,2026-08-06,2026-08-07,https://www.booking.com/searchresults.en-gb.html?ss=Abbott%C4%81b%C4%81d%2C+Federally+Administered+Tribal+Area+%2C+Pakistan&dest_id=-2754270&dest_type=city&lang=en-gb&checkin=2026-08-06&checkout=2026-08-07&group_adults=2&no_rooms=1&group_children=0
Dera Ismail Khan,-2759095,2026-08-06,2026-08-07,https://www.booking.com/searchresults.en-gb.html?ss=Dera+Ism%C4%81%C4%ABl+Kh%C4%81n%2C+Federally+Administered+Tribal+Area+%2C+Pakistan&dest_id=-2759095&dest_type=city&lang=en-gb&checkin=2026-08-06&checkout=2026-08-07&group_adults=2&no_rooms=1&group_children=0
Bannu,-2755885,2026-08-06,2026-08-07,https://www.booking.com/searchresults.en-gb.html?ss=Bannu%2C+Federally+Administered+Tribal+Area+%2C+Pakistan&dest_id=-2755885&dest_type=city&lang=en-gb&checkin=2026-08-06&checkout=2026-08-07&group_adults=2&no_rooms=1&group_children=0
Swabi,-2775427,2026-08-06,2026-08-07,https://www.booking.com/searchresults.en-gb.html?ss=Sw%C4%81bi%2C+Federally+Administered+Tribal+Area+%2C+Pakistan&dest_id=-2775427&dest_type=city&lang=en-gb&checkin=2026-08-06&checkout=2026-08-07&group_adults=2&no_rooms=1&group_children=0
Nowshera,6093042,2026-08-06,2026-08-07,https://www.booking.com/searchresults.en-gb.html?ss=Nowshera%2C+Federally+Administered+Tribal+Area+%2C+Pakistan&dest_id=6093042&dest_type=city&lang=en-gb&checkin=2026-08-06&checkout=2026-08-07&group_adults=2&no_rooms=1&group_children=0
Charsadda,-2757926,2026-08-06,2026-08-07,https://www.booking.com/searchresults.en-gb.html?ss=Ch%C4%81rsadda%2C+Federally+Administered+Tribal+Area+%2C+Pakistan&dest_id=-2757926&dest_type=city&lang=en-gb&checkin=2026-08-06&checkout=2026-08-07&group_adults=2&no_rooms=1&group_children=0
Mansehra,-2768564,2026-08-06,2026-08-07,https://www.booking.com/searchresults.en-gb.html?ss=M%C4%81nsehra%2C+Federally+Administered+Tribal+Area+%2C+Pakistan&dest_id=-2768564&dest_type=city&lang=en-gb&checkin=2026-08-06&checkout=2026-08-07&group_adults=2&no_rooms=1&group_children=0
Haripur,-2762306,2026-08-06,2026-08-07,https://www.booking.com/searchresults.en-gb.html?ss=Har%C4%ABpur%2C+Federally+Administered+Tribal+Area+%2C+Pakistan&dest_id=-2762306&dest_type=city&lang=en-gb&checkin=2026-08-06&checkout=2026-08-07&group_adults=2&no_rooms=1&group_children=0
Chitral,-2758303,2026-08-06,2026-08-07,https://www.booking.com/searchresults.en-gb.html?ss=Chitral%2C+Federally+Administered+Tribal+Area+%2C+Pakistan&dest_id=-2758303&dest_type=city&lang=en-gb&checkin=2026-08-06&checkout=2026-08-07&group_adults=2&no_rooms=1&group_children=0
Shangla,6147449,2026-08-06,2026-08-07,https://www.booking.com/searchresults.en-gb.html?ss=Sh%C4%81ngla%2C+Federally+Administered+Tribal+Area+%2C+Pakistan&dest_id=6147449&dest_type=city&lang=en-gb&checkin=2026-08-06&checkout=2026-08-07&group_adults=2&no_rooms=1&group_children=0
Nathia Gali,-2770324,2026-08-06,2026-08-07,https://www.booking.com/searchresults.en-gb.html?ss=Nathia+Gali%2C+Federally+Administered+Tribal+Area+%2C+Pakistan&dest_id=-2770324&dest_type=city&lang=en-gb&checkin=2026-08-06&checkout=2026-08-07&group_adults=2&no_rooms=1&group_children=0
Naran,-2770204,2026-08-06,2026-08-07,https://www.booking.com/searchresults.en-gb.html?ss=N%C4%81r%C4%81n%2C+Federally+Administered+Tribal+Area+%2C+Pakistan&dest_id=-2770204&dest_type=city&lang=en-gb&checkin=2026-08-06&checkout=2026-08-07&group_adults=2&no_rooms=1&group_children=0
Quetta,-2772048,2026-08-06,2026-08-07,https://www.booking.com/searchresults.en-gb.html?ss=Quetta%2C+Balochistan%2C+Pakistan&dest_id=-2772048&dest_type=city&lang=en-gb&checkin=2026-08-06&checkout=2026-08-07&group_adults=2&no_rooms=1&group_children=0
Gwadar,-2761961,2026-08-06,2026-08-07,https://www.booking.com/searchresults.en-gb.html?ss=Gw%C4%81dar%2C+Balochistan%2C+Pakistan&dest_id=-2761961&dest_type=city&lang=en-gb&checkin=2026-08-06&checkout=2026-08-07&group_adults=2&no_rooms=1&group_children=0
Turbat,-2776605,2026-08-06,2026-08-07,https://www.booking.com/searchresults.en-gb.html?ss=Turbat%2C+Balochistan%2C+Pakistan&dest_id=-2776605&dest_type=city&lang=en-gb&checkin=2026-08-06&checkout=2026-08-07&group_adults=2&no_rooms=1&group_children=0
Panjgur,-2771106,2026-08-06,2026-08-07,https://www.booking.com/searchresults.en-gb.html?ss=Panjg%C5%ABr%2C+Balochistan%2C+Pakistan&dest_id=-2771106&dest_type=city&lang=en-gb&checkin=2026-08-06&checkout=2026-08-07&group_adults=2&no_rooms=1&group_children=0
Kohlu,-2766015,2026-08-06,2026-08-07,https://www.booking.com/searchresults.en-gb.html?ss=Kohlu%2C+Balochistan%2C+Pakistan&dest_id=-2766015&dest_type=city&lang=en-gb&checkin=2026-08-06&checkout=2026-08-07&group_adults=2&no_rooms=1&group_children=0
Muzaffarabad,-2769929,2026-08-06,2026-08-07,https://www.booking.com/searchresults.en-gb.html?ss=Muzaffarabad%2C+Azad+Jammu+and+Kashmir%2C+Pakistan&dest_id=-2769929&dest_type=city&lang=en-gb&checkin=2026-08-06&checkout=2026-08-07&group_adults=2&no_rooms=1&group_children=0
Mirpur,-2769230,2026-08-06,2026-08-07,https://www.booking.com/searchresults.en-gb.html?ss=M%C4%ABrpur%2C+Azad+Jammu+and+Kashmir%2C+Pakistan&dest_id=-2769230&dest_type=city&lang=en-gb&checkin=2026-08-06&checkout=2026-08-07&group_adults=2&no_rooms=1&group_children=0
Kotli,-2766427,2026-08-06,2026-08-07,https://www.booking.com/searchresults.en-gb.html?ss=Kotli%2C+Azad+Jammu+and+Kashmir%2C+Pakistan&dest_id=-2766427&dest_type=city&lang=en-gb&checkin=2026-08-06&checkout=2026-08-07&group_adults=2&no_rooms=1&group_children=0
Rawalakot,-2777863,2026-08-06,2026-08-07,https://www.booking.com/searchresults.en-gb.html?ss=R%C4%81wala+Kot+%28Rawlakot%29%2C+Azad+Jammu+and+Kashmir%2C+Pakistan&dest_id=-2777863&dest_type=city&lang=en-gb&checkin=2026-08-06&checkout=2026-08-07&group_adults=2&no_rooms=1&group_children=0
Bagh,-2755348,2026-08-06,2026-08-07,https://www.booking.com/searchresults.en-gb.html?ss=B%C4%81gh%2C+Azad+Jammu+and+Kashmir%2C+Pakistan&dest_id=-2755348&dest_type=city&lang=en-gb&checkin=2026-08-06&checkout=2026-08-07&group_adults=2&no_rooms=1&group_children=0
Gilgit,-2761060,2026-08-06,2026-08-07,https://www.booking.com/searchresults.en-gb.html?ss=Gilgit%2C+Gilgit-Baltistan%2C+Pakistan&dest_id=-2761060&dest_type=city&lang=en-gb&checkin=2026-08-06&checkout=2026-08-07&group_adults=2&no_rooms=1&group_children=0
Skardu,-2774916,2026-08-06,2026-08-07,https://www.booking.com/searchresults.en-gb.html?ss=Skardu%2C+Gilgit-Baltistan%2C+Pakistan&dest_id=-2774916&dest_type=city&lang=en-gb&checkin=2026-08-06&checkout=2026-08-07&group_adults=2&no_rooms=1&group_children=0
Hunza,-2762645,2026-08-06,2026-08-07,https://www.booking.com/searchresults.en-gb.html?ss=Hunza%2C+Gilgit-Baltistan%2C+Pakistan&dest_id=-2762645&dest_type=city&lang=en-gb&checkin=2026-08-06&checkout=2026-08-07&group_adults=2&no_rooms=1&group_children=0
Chilas,-2758230,2026-08-06,2026-08-07,https://www.booking.com/searchresults.en-gb.html?ss=Chil%C4%81s%2C+Gilgit-Baltistan%2C+Pakistan&dest_id=-2758230&dest_type=city&lang=en-gb&checkin=2026-08-06&checkout=2026-08-07&group_adults=2&no_rooms=1&group_children=0
