property_name,property_url,Price_pkr,review_score,review_count,address,distance_from_center_km,property_type,bed_type,breakfast_included,free_cancellation,reserve_without_payment,image,stars,city
Republika Central Hotel & Resort,https://www.booking.com/hotel/pk/summit-resorts-republika-central.en-gb.html?aid=304142&label=gen173nr-10CAQoggJCDWNpdHlfLTI3NTQyNzBICVgEaLUBiAEBmAEzuAEHyAEM2AED6AEB-AEBiAIBqAIBuAKHlsLTBsACAdICJDViODA4MTFhLWY5NDMtNGMwOS05NmExLWZiZTNlY2E2OTVkMtgCAeACAQ&ucfs=1&arphpl=1&checkin=2026-08-06&checkout=2026-08-07&dest_id=-2754270&dest_type=city&group_adults=2&req_adults=2&no_rooms=1&group_children=0&req_children=0&hpos=1&hapos=1&sr_order=popularity&srpvid=921f5883b4b60176&srepoch=1785760532&all_sr_blocks=989664501_372911295_2_1_0&highlighted_blocks=989664501_372911295_2_1_0&matching_block_id=989664501_372911295_2_1_0&sr_pri_blocks=989664501_372911295_2_1_0__805000&from=searchresults,8050,8.0,134.0,Abbottābād,10.7,Standard Double Room,1 large double bed,1,1,0,https://cf.bstatic.com/xdata/images/hotel/square240/811614941.webp?k=2034436578bc271d7960d8f616bd00188d80543315cb710de873f4a57a95fdd9&o=,12,Abbottabad
The Canvas Hotel,https://www.booking.com/hotel/pk/the-canvas.en-gb.html?aid=304142&label=gen173nr-10CAQoggJCDWNpdHlfLTI3NTQyNzBICVgEaLUBiAEBmAEzuAEHyAEM2AED6AEB-AEBiAIBqAIBuAKHlsLTBsACAdICJDViODA4MTFhLWY5NDMtNGMwOS05NmExLWZiZTNlY2E2OTVkMtgCAeACAQ&ucfs=1&arphpl=1&checkin=2026-08-06&checkout=2026-08-07&dest_id=-2754270&dest_type=city&group_adults=2&req_adults=2&no_rooms=1&group_children=0&req_children=0&hpos=2&hapos=2&sr_order=popularity&srpvid=921f5883b4b60176&srepoch=1785760532&all_sr_blocks=1614793503_432360078_2_1_0&highlighted_blocks=1614793503_432360078_2_1_0&matching_block_id=1614793503_432360078_2_1_0&sr_pri_blocks=1614793503_432360078_2_1_0__499900&from=searchresults,4999,8.8,34.0,Abbottābād,3.4,Deluxe Twin Room,2 single beds,1,1,1,https://cf.bstatic.com/xdata/images/hotel/square240/855054379.webp?k=e22fced6f37471b17774d25bee45a167cf8e8509b99c85d8f9c0cd11ec20789f&o=,11,Abbottabad
Sarai Abbottabad,https://www.booking.com/hotel/pk/sarai-abbottabad.en-gb.html?aid=304142&label=gen173nr-10CAQoggJCDWNpdHlfLTI3NTQyNzBICVgEaLUBiAEBmAEzuAEHyAEM2AED6AEB-AEBiAIBqAIBuAKHlsLTBsACAdICJDViODA4MTFhLWY5NDMtNGMwOS05NmExLWZiZTNlY2E2OTVkMtgCAeACAQ&ucfs=1&arphpl=1&checkin=2026-08-06&checkout=2026-08-07&dest_id=-2754270&dest_type=city&group_adults=2&req_adults=2&no_rooms=1&group_children=0&req_children=0&hpos=3&hapos=3&sr_order=popularity&srpvid=921f5883b4b60176&srepoch=1785760532&all_sr_blocks=1445022106_415912797_2_1_0&highlighted_blocks=1445022106_415912797_2_1_0&matching_block_id=1445022106_415912797_2_1_0&sr_pri_blocks=1445022106_415912797_2_1_0__570000&from=searchresults,5700,8.8,77.0,Abbottābād,3.0,Deluxe Double or Twin Room,"3 beds (2 singles, 1 sofa bed)",1,1,1,https://cf.bstatic.com/xdata/images/hotel/square240/732212106.webp?k=c2c1c8536efe38e30967edc216faf1e8e85a666fc20a46896976c2697ba6cac7&o=,11,Abbottabad
Stargaze Hotel & Apartment,https://www.booking.com/hotel/pk/stargaze-amp-apartment.en-gb.html?aid=304142&label=gen173nr-10CAQoggJCDWNpdHlfLTI3NTQyNzBICVgEaLUBiAEBmAEzuAEHyAEM2AED6AEB-AEBiAIBqAIBuAKHlsLTBsACAdICJDViODA4MTFhLWY5NDMtNGMwOS05NmExLWZiZTNlY2E2OTVkMtgCAeACAQ&ucfs=1&arphpl=1&checkin=2026-08-06&checkout=2026-08-07&dest_id=-2754270&dest_type=city&group_adults=2&req_adults=2&no_rooms=1&group_children=0&req_children=0&hpos=4&hapos=4&sr_order=popularity&srpvid=921f5883b4b60176&srepoch=1785760532&all_sr_blocks=192430121_224257344_0_0_0&highlighted_blocks=192430121_224257344_0_0_0&matching_block_id=192430121_224257344_0_0_0&sr_pri_blocks=192430121_224257344_0_0_0__350000&from=searchresults,3500,7.4,61.0,Abbottābād,1.8,Standard Twin Room,2 single beds,0,1,1,https://cf.bstatic.com/xdata/images/hotel/square240/92437560.webp?k=a70b22864b01087f6527a96e9c916257989afe8e26b6b1af0f33420bdf7285c1&o=,10,Abbottabad
City Hotel,https://www.booking.com/hotel/pk/city-abbottabad.en-gb.html?aid=304142&label=gen173nr-10CAQoggJCDWNpdHlfLTI3NTQyNzBICVgEaLUBiAEBmAEzuAEHyAEM2AED6AEB-AEBiAIBqAIBuAKHlsLTBsACAdICJDViODA4MTFhLWY5NDMtNGMwOS05NmExLWZiZTNlY2E2OTVkMtgCAeACAQ&ucfs=1&arphpl=1&checkin=2026-08-06&checkout=2026-08-07&dest_id=-2754270&dest_type=city&group_adults=2&req_adults=2&no_rooms=1&group_children=0&req_children=0&hpos=5&hapos=5&sr_order=popularity&srpvid=921f5883b4b60176&srepoch=1785760532&all_sr_blocks=1571523002_428222722_2_1_0&highlighted_blocks=1571523002_428222722_2_1_0&matching_block_id=1571523002_428222722_2_1_0&sr_pri_blocks=1571523002_428222722_2_1_0__1000000&from=searchresults,10000,9.3,25.0,Abbottābād,350.0,Deluxe Twin Room,2 single beds,1,1,1,https://cf.bstatic.com/xdata/images/hotel/square240/874865583.webp?k=e0df906da28cb4452dcc2c84061903888a807da5ede9678c9ce7e10778aaf12a&o=,10,Abbottabad
Hotel One Abbottabad,https://www.booking.com/hotel/pk/one-abbottabad.en-gb.html?aid=304142&label=gen173nr-10CAQoggJCDWNpdHlfLTI3NTQyNzBICVgEaLUBiAEBmAEzuAEHyAEM2AED6AEB-AEBiAIBqAIBuAKHlsLTBsACAdICJDViODA4MTFhLWY5NDMtNGMwOS05NmExLWZiZTNlY2E2OTVkMtgCAeACAQ&ucfs=1&arphpl=1&checkin=2026-08-06&checkout=2026-08-07&dest_id=-2754270&dest_type=city&group_adults=2&req_adults=2&no_rooms=1&group_children=0&req_children=0&hpos=6&hapos=6&sr_order=popularity&srpvid=921f5883b4b60176&srepoch=1785760532&all_sr_blocks=176096904_413713814_2_1_0&highlighted_blocks=176096904_413713814_2_1_0&matching_block_id=176096904_413713814_2_1_0&sr_pri_blocks=176096904_413713814_2_1_0__1600000&from=searchresults,16000,8.5,125.0,Abbottābād,5.2,Deluxe Twin Room,2 single beds,1,1,1,https://cf.bstatic.com/xdata/images/hotel/square240/239879868.webp?k=43d218009bbb1326f2d37e5a8d8a982c07b250e7c037affebb5959131f5260f9&o=,13,Abbottabad
Republika Urban Hotel by Summit Resorts,https://www.booking.com/hotel/pk/republika-by-summit-resorts.en-gb.html?aid=304142&label=gen173nr-10CAQoggJCDWNpdHlfLTI3NTQyNzBICVgEaLUBiAEBmAEzuAEHyAEM2AED6AEB-AEBiAIBqAIBuAKHlsLTBsACAdICJDViODA4MTFhLWY5NDMtNGMwOS05NmExLWZiZTNlY2E2OTVkMtgCAeACAQ&ucfs=1&arphpl=1&checkin=2026-08-06&checkout=2026-08-07&dest_id=-2754270&dest_type=city&group_adults=2&req_adults=2&no_rooms=1&group_children=0&req_children=0&hpos=7&hapos=7&sr_order=popularity&srpvid=921f5883b4b60176&srepoch=1785760532&all_sr_blocks=950585001_367692689_3_1_0&highlighted_blocks=950585001_367692689_3_1_0&matching_block_id=950585001_367692689_3_1_0&sr_pri_blocks=950585001_367692689_3_1_0__726513&from=searchresults,7265,8.4,163.0,Abbottābād,3.6,Standard Double Room,1 large double bed,1,0,0,https://cf.bstatic.com/xdata/images/hotel/square240/458173950.webp?k=ef70afeaff0337781630c4eb3611769488cbbc333e14194af26be7f22b0b8f1c&o=,9,Abbottabad
Private room,https://www.booking.com/hotel/pk/private-room-abbottabad.en-gb.html?aid=304142&label=gen173nr-10CAQoggJCDWNpdHlfLTI3NTQyNzBICVgEaLUBiAEBmAEzuAEHyAEM2AED6AEB-AEBiAIBqAIBuAKHlsLTBsACAdICJDViODA4MTFhLWY5NDMtNGMwOS05NmExLWZiZTNlY2E2OTVkMtgCAeACAQ&ucfs=1&arphpl=1&checkin=2026-08-06&checkout=2026-08-07&dest_id=-2754270&dest_type=city&group_adults=2&req_adults=2&no_rooms=1&group_children=0&req_children=0&hpos=8&hapos=8&sr_order=popularity&srpvid=921f5883b4b60176&srepoch=1785760532&all_sr_blocks=1691263701_440773726_2_2_0&highlighted_blocks=1691263701_440773726_2_2_0&matching_block_id=1691263701_440773726_2_2_0&sr_pri_blocks=1691263701_440773726_2_2_0__390830&from=searchresults,3908,10,2.0,Abbottābād,2.9,Double Room with Private Bathroom,1 large double bed,0,1,1,https://cf.bstatic.com/xdata/images/hotel/square240/898940765.webp?k=c4869a2d22ca56e068be0b9486a90b16f3920b3fd2fa4b20fd9494ea104a2ed1&o=,4,Abbottabad
Ranim Family Lodge - Abbottabad,https://www.booking.com/hotel/pk/ranimfamilylodge.en-gb.html?aid=304142&label=gen173nr-10CAQoggJCDWNpdHlfLTI3NTQyNzBICVgEaLUBiAEBmAEzuAEHyAEM2AED6AEB-AEBiAIBqAIBuAKHlsLTBsACAdICJDViODA4MTFhLWY5NDMtNGMwOS05NmExLWZiZTNlY2E2OTVkMtgCAeACAQ&ucfs=1&arphpl=1&checkin=2026-08-06&checkout=2026-08-07&dest_id=-2754270&dest_type=city&group_adults=2&req_adults=2&no_rooms=1&group_children=0&req_children=0&hpos=9&hapos=9&sr_order=popularity&srpvid=921f5883b4b60176&srepoch=1785760532&all_sr_blocks=1531225703_424643347_2_0_0&highlighted_blocks=1531225703_424643347_2_0_0&matching_block_id=1531225703_424643347_2_0_0&sr_pri_blocks=1531225703_424643347_2_0_0__495000&from=searchresults,4950,7.0,8.0,Abbottābād,2.4,Deluxe Double Room,1 extra-large double bed,0,1,1,https://cf.bstatic.com/xdata/images/hotel/square240/867759087.webp?k=de3a58c3f9bbf37b353d382163f2432bb34d6056d5bfaa42fb127dfb7cfeef4f&o=,4,Abbottabad
Hotel Red Roof & Restaurant,https://www.booking.com/hotel/pk/red-roof-amp-restaurant.en-gb.html?aid=304142&label=gen173nr-10CAQoggJCDWNpdHlfLTI3NTQyNzBICVgEaLUBiAEBmAEzuAEHyAEM2AED6AEB-AEBiAIBqAIBuAKHlsLTBsACAdICJDViODA4MTFhLWY5NDMtNGMwOS05NmExLWZiZTNlY2E2OTVkMtgCAeACAQ&ucfs=1&arphpl=1&checkin=2026-08-06&checkout=2026-08-07&dest_id=-2754270&dest_type=city&group_adults=2&req_adults=2&no_rooms=1&group_children=0&req_children=0&hpos=10&hapos=10&sr_order=popularity&srpvid=921f5883b4b60176&srepoch=1785760532&all_sr_blocks=1039023516_433128447_3_42_0&highlighted_blocks=1039023516_433128447_3_42_0&matching_block_id=1039023516_433128447_3_42_0&sr_pri_blocks=1039023516_433128447_3_42_0__475000&from=searchresults,4750,8.3,59.0,Abbottābād,7.2,Economy Triple Room,3 single beds,0,1,1,https://cf.bstatic.com/xdata/images/hotel/square240/844977898.webp?k=8fe7a38445bdab5c07932b4588b7d43eeecc23e72b0e7d7ac200b3e3d20d18df&o=,5,Abbottabad
Hills View Hotel,https://www.booking.com/hotel/pk/hills-view-abbottabad.en-gb.html?aid=304142&label=gen173nr-10CAQoggJCDWNpdHlfLTI3NTQyNzBICVgEaLUBiAEBmAEzuAEHyAEM2AED6AEB-AEBiAIBqAIBuAKHlsLTBsACAdICJDViODA4MTFhLWY5NDMtNGMwOS05NmExLWZiZTNlY2E2OTVkMtgCAeACAQ&ucfs=1&arphpl=1&checkin=2026-08-06&checkout=2026-08-07&dest_id=-2754270&dest_type=city&group_adults=2&req_adults=2&no_rooms=1&group_children=0&req_children=0&hpos=11&hapos=11&sr_order=popularity&srpvid=921f5883b4b60176&srepoch=1785760532&all_sr_blocks=1378162401_409939196_2_0_0&highlighted_blocks=1378162401_409939196_2_0_0&matching_block_id=1378162401_409939196_2_0_0&sr_pri_blocks=1378162401_409939196_2_0_0__729000&from=searchresults,7290,7.0,3.0,Abbottābād,3.2,Family Suite,"2 beds (1 double, 1 large double)",0,0,0,https://cf.bstatic.com/xdata/images/hotel/square240/743519302.webp?k=b2c8967a08b310e7bbf603ed84f1d2e913404e7c3051d44e8fc34adc8ad45759&o=,4,Abbottabad
Kaghan Lodge,https://www.booking.com/hotel/pk/kaghan-lodge-abbottabad1.en-gb.html?aid=304142&label=gen173nr-10CAQoggJCDWNpdHlfLTI3NTQyNzBICVgEaLUBiAEBmAEzuAEHyAEM2AED6AEB-AEBiAIBqAIBuAKHlsLTBsACAdICJDViODA4MTFhLWY5NDMtNGMwOS05NmExLWZiZTNlY2E2OTVkMtgCAeACAQ&ucfs=1&arphpl=1&checkin=2026-08-06&checkout=2026-08-07&dest_id=-2754270&dest_type=city&group_adults=2&req_adults=2&no_rooms=1&group_children=0&req_children=0&hpos=12&hapos=12&sr_order=popularity&srpvid=921f5883b4b60176&srepoch=1785760532&all_sr_blocks=1471400502_418479814_2_2_0&highlighted_blocks=1471400502_418479814_2_2_0&matching_block_id=1471400502_418479814_2_2_0&sr_pri_blocks=1471400502_418479814_2_2_0__1000000&from=searchresults,10000,8.9,6.0,Abbottābād,2.3,Deluxe Double Room,1 large double bed,0,1,1,https://cf.bstatic.com/xdata/images/hotel/square240/728111738.webp?k=ce8ae1f62a8cc2e2aaabc8a4625970ae5cc9409f33599d085cc3084e2ad6ab4e&o=,4,Abbottabad
"Spacious 2 Bed Room Home Attached Baths, Lounge & Kitchen",https://www.booking.com/hotel/pk/spacious-2-bed-room-home-attached-baths-lounge-amp-kitchen.en-gb.html?aid=304142&label=gen173nr-10CAQoggJCDWNpdHlfLTI3NTQyNzBICVgEaLUBiAEBmAEzuAEHyAEM2AED6AEB-AEBiAIBqAIBuAKHlsLTBsACAdICJDViODA4MTFhLWY5NDMtNGMwOS05NmExLWZiZTNlY2E2OTVkMtgCAeACAQ&ucfs=1&arphpl=1&checkin=2026-08-06&checkout=2026-08-07&dest_id=-2754270&dest_type=city&group_adults=2&req_adults=2&no_rooms=1&group_children=0&req_children=0&hpos=13&hapos=13&sr_order=popularity&srpvid=921f5883b4b60176&srepoch=1785760532&all_sr_blocks=1678302201_439623846_4_0_0&highlighted_blocks=1678302201_439623846_4_0_0&matching_block_id=1678302201_439623846_4_0_0&sr_pri_blocks=1678302201_439623846_4_0_0__212500&from=searchresults,2125,,,Abbottābād,4.0,One-Bedroom House,"2 beds (1 extra-large double, 1 sofa bed)",0,1,1,https://cf.bstatic.com/xdata/images/hotel/square240/890176116.webp?k=075b2f138fbb6f56bad63582dd30bb2b4a971eb021bedc57322d1b60d39faf27&o=,4,Abbottabad
Galiyat Peak,https://www.booking.com/hotel/pk/galiyat-peak.en-gb.html?aid=304142&label=gen173nr-10CAQoggJCDWNpdHlfLTI3NTQyNzBICVgEaLUBiAEBmAEzuAEHyAEM2AED6AEB-AEBiAIBqAIBuAKHlsLTBsACAdICJDViODA4MTFhLWY5NDMtNGMwOS05NmExLWZiZTNlY2E2OTVkMtgCAeACAQ&ucfs=1&arphpl=1&checkin=2026-08-06&checkout=2026-08-07&dest_id=-2754270&dest_type=city&group_adults=2&req_adults=2&no_rooms=1&group_children=0&req_children=0&hpos=14&hapos=14&sr_order=popularity&srpvid=921f5883b4b60176&srepoch=1785760532&all_sr_blocks=1691284201_440775131_3_0_0&highlighted_blocks=1691284201_440775131_3_0_0&matching_block_id=1691284201_440775131_3_0_0&sr_pri_blocks=1691284201_440775131_3_0_0__1062500&from=searchresults,10625,7.0,1.0,Abbottābād,17.8,Villa,"4 beds (3 doubles, 1 sofa bed)",0,1,1,https://cf.bstatic.com/xdata/images/hotel/square240/896953821.webp?k=8582e34f543eddd5a16d1852cdd2520572ee85888c140814161c14036507dae9&o=,4,Abbottabad
Red Roof Apartments,https://www.booking.com/hotel/pk/red-roof-apartments.en-gb.html?aid=304142&label=gen173nr-10CAQoggJCDWNpdHlfLTI3NTQyNzBICVgEaLUBiAEBmAEzuAEHyAEM2AED6AEB-AEBiAIBqAIBuAKHlsLTBsACAdICJDViODA4MTFhLWY5NDMtNGMwOS05NmExLWZiZTNlY2E2OTVkMtgCAeACAQ&ucfs=1&arphpl=1&checkin=2026-08-06&checkout=2026-08-07&dest_id=-2754270&dest_type=city&group_adults=2&req_adults=2&no_rooms=1&group_children=0&req_children=0&hpos=15&hapos=15&sr_order=popularity&srpvid=921f5883b4b60176&srepoch=1785760532&all_sr_blocks=1504072402_422129882_6_42_0&highlighted_blocks=1504072402_422129882_6_42_0&matching_block_id=1504072402_422129882_6_42_0&sr_pri_blocks=1504072402_422129882_6_42_0__1250000&from=searchresults,12500,6.5,2.0,Abbottābād,7.2,Family Two-Bedroom Apartment with View,"5 beds (4 singles, 1 large double)",0,1,1,https://cf.bstatic.com/xdata/images/hotel/square240/858890095.webp?k=b299bcc0867f6e10798156a19d8a78d053a2777fcf6099ec62d9daef6c219549&o=,10,Abbottabad
Pine View Hotel,https://www.booking.com/hotel/pk/pine-view-abbottabad.en-gb.html?aid=304142&label=gen173nr-10CAQoggJCDWNpdHlfLTI3NTQyNzBICVgEaLUBiAEBmAEzuAEHyAEM2AED6AEB-AEBiAIBqAIBuAKHlsLTBsACAdICJDViODA4MTFhLWY5NDMtNGMwOS05NmExLWZiZTNlY2E2OTVkMtgCAeACAQ&ucfs=1&arphpl=1&checkin=2026-08-06&checkout=2026-08-07&dest_id=-2754270&dest_type=city&group_adults=2&req_adults=2&no_rooms=1&group_children=0&req_children=0&hpos=16&hapos=16&sr_order=popularity&srpvid=921f5883b4b60176&srepoch=1785760532&all_sr_blocks=1693764704_441021588_5_0_0&highlighted_blocks=1693764704_441021588_5_0_0&matching_block_id=1693764704_441021588_5_0_0&sr_pri_blocks=1693764704_441021588_5_0_0__1955000&from=searchresults,19550,10,1.0,Abbottābād,22.9,Family Room,"2 beds (1 single, 1 large double)",0,1,1,https://cf.bstatic.com/xdata/images/hotel/square240/898630967.webp?k=d4f39a3a4d811cbe8f4e98bae2e22b1c0ed38978944a18a3e8f1bbbb71760cb2&o=,14,Abbottabad
EmberGuestHouse,https://www.booking.com/hotel/pk/emberguesthouse.en-gb.html?aid=304142&label=gen173nr-10CAQoggJCDWNpdHlfLTI3NTQyNzBICVgEaLUBiAEBmAEzuAEHyAEM2AED6AEB-AEBiAIBqAIBuAKHlsLTBsACAdICJDViODA4MTFhLWY5NDMtNGMwOS05NmExLWZiZTNlY2E2OTVkMtgCAeACAQ&ucfs=1&arphpl=1&checkin=2026-08-06&checkout=2026-08-07&dest_id=-2754270&dest_type=city&group_adults=2&req_adults=2&no_rooms=1&group_children=0&req_children=0&hpos=17&hapos=17&sr_order=popularity&srpvid=921f5883b4b60176&srepoch=1785760532&all_sr_blocks=1675821801_439320173_6_0_0&highlighted_blocks=1675821801_439320173_6_0_0&matching_block_id=1675821801_439320173_6_0_0&sr_pri_blocks=1675821801_439320173_6_0_0__2040000&from=searchresults,20400,,,Abbottābād,17.7,Two-Bedroom Apartment,"4 beds (1 single, 2 doubles, 1 sofa bed)",0,1,1,https://cf.bstatic.com/xdata/images/hotel/square240/888479654.webp?k=d6a77c45681090eb60ce5befeee82f0e489280d1ecce96d1013a40d0b1dec359&o=,4,Abbottabad
Whispering Fields,https://www.booking.com/hotel/pk/whispering-fields-abbottabad.en-gb.html?aid=304142&label=gen173nr-10CAQoggJCDWNpdHlfLTI3NTQyNzBICVgEaLUBiAEBmAEzuAEHyAEM2AED6AEB-AEBiAIBqAIBuAKHlsLTBsACAdICJDViODA4MTFhLWY5NDMtNGMwOS05NmExLWZiZTNlY2E2OTVkMtgCAeACAQ&ucfs=1&arphpl=1&checkin=2026-08-06&checkout=2026-08-07&dest_id=-2754270&dest_type=city&group_adults=2&req_adults=2&no_rooms=1&group_children=0&req_children=0&hpos=18&hapos=18&sr_order=popularity&srpvid=921f5883b4b60176&srepoch=1785760532&all_sr_blocks=1389515201_410936662_0_0_0&highlighted_blocks=1389515201_410936662_0_0_0&matching_block_id=1389515201_410936662_0_0_0&sr_pri_blocks=1389515201_410936662_0_0_0__792000&from=searchresults,7920,9.4,7.0,Abbottābād,9.2,Two-Bedroom House,"5 beds (2 singles, 1 double, 2 sofa beds)",0,1,1,https://cf.bstatic.com/xdata/images/hotel/square240/694509809.webp?k=8a54b5ffce64d8757adcec65adfc84496bce05523f032be6e00d0410b2383648&o=,5,Abbottabad
Snowra heights,https://www.booking.com/hotel/pk/snowra-heights.en-gb.html?aid=304142&label=gen173nr-10CAQoggJCDWNpdHlfLTI3NTQyNzBICVgEaLUBiAEBmAEzuAEHyAEM2AED6AEB-AEBiAIBqAIBuAKHlsLTBsACAdICJDViODA4MTFhLWY5NDMtNGMwOS05NmExLWZiZTNlY2E2OTVkMtgCAeACAQ&ucfs=1&arphpl=1&checkin=2026-08-06&checkout=2026-08-07&dest_id=-2754270&dest_type=city&group_adults=2&req_adults=2&no_rooms=1&group_children=0&req_children=0&hpos=19&hapos=19&sr_order=popularity&srpvid=921f5883b4b60176&srepoch=1785760532&all_sr_blocks=1682038501_439943623_2_0_0&highlighted_blocks=1682038501_439943623_2_0_0&matching_block_id=1682038501_439943623_2_0_0&sr_pri_blocks=1682038501_439943623_2_0_0__2380000&from=searchresults,23800,,,Abbottābād,2.2,One-Bedroom Apartment,"4 beds (1 single, 2 doubles, 1 sofa bed)",0,1,1,https://cf.bstatic.com/xdata/images/hotel/square240/891839467.webp?k=750b645c8eca5f5b6551fac4c7a92153394152390005d4908bec79f556e80cb1&o=,4,Abbottabad
Cool Pine Hotel Nathia Gali,https://www.booking.com/hotel/pk/cool-pine-nathia-gali.en-gb.html?aid=304142&label=gen173nr-10CAQoggJCDWNpdHlfLTI3NTQyNzBICVgEaLUBiAEBmAEzuAEHyAEM2AED6AEB-AEBiAIBqAIBuAKHlsLTBsACAdICJDViODA4MTFhLWY5NDMtNGMwOS05NmExLWZiZTNlY2E2OTVkMtgCAeACAQ&ucfs=1&arphpl=1&checkin=2026-08-06&checkout=2026-08-07&dest_id=-2754270&dest_type=city&group_adults=2&req_adults=2&no_rooms=1&group_children=0&req_children=0&hpos=20&hapos=20&sr_order=popularity&srpvid=921f5883b4b60176&srepoch=1785760532&all_sr_blocks=1691853201_440839233_2_2_0&highlighted_blocks=1691853201_440839233_2_2_0&matching_block_id=1691853201_440839233_2_2_0&sr_pri_blocks=1691853201_440839233_2_2_0__1962225&from=searchresults,19622,,,Abbottābād,18.0,Double Room,1 double bed,0,1,1,https://cf.bstatic.com/xdata/images/hotel/square240/897303112.webp?k=baf8ffb708c67ce46cae1742bcf9ff0a3ef9b91e82021a46e88fef243e9b7b9b&o=,11,Abbottabad
Guest house,https://www.booking.com/hotel/pk/1-private-room.en-gb.html?aid=304142&label=gen173nr-10CAQoggJCDWNpdHlfLTI3NTQyNzBICVgEaLUBiAEBmAEzuAEHyAEM2AED6AEB-AEBiAIBqAIBuAKHlsLTBsACAdICJDViODA4MTFhLWY5NDMtNGMwOS05NmExLWZiZTNlY2E2OTVkMtgCAeACAQ&ucfs=1&arphpl=1&checkin=2026-08-06&checkout=2026-08-07&dest_id=-2754270&dest_type=city&group_adults=2&req_adults=2&no_rooms=1&group_children=0&req_children=0&hpos=21&hapos=21&sr_order=popularity&srpvid=921f5883b4b60176&srepoch=1785760532&all_sr_blocks=1695852601_441266958_2_2_0&highlighted_blocks=1695852601_441266958_2_2_0&matching_block_id=1695852601_441266958_2_2_0&sr_pri_blocks=1695852601_441266958_2_2_0__409870&from=searchresults,4099,,,Abbottābād,2.9,Double Room with Private Bathroom,1 double bed,0,1,1,https://cf.bstatic.com/xdata/images/hotel/square240/900096149.webp?k=c57895e8b12d8d1e0e2139379a891575e3b4cbc629b61b174392a39e333f0179&o=,4,Abbottabad
Nature Hill Lodge,https://www.booking.com/hotel/pk/nature-hill-lodge-abbottabad.en-gb.html?aid=304142&label=gen173nr-10CAQoggJCDWNpdHlfLTI3NTQyNzBICVgEaLUBiAEBmAEzuAEHyAEM2AED6AEB-AEBiAIBqAIBuAKHlsLTBsACAdICJDViODA4MTFhLWY5NDMtNGMwOS05NmExLWZiZTNlY2E2OTVkMtgCAeACAQ&ucfs=1&arphpl=1&checkin=2026-08-06&checkout=2026-08-07&dest_id=-2754270&dest_type=city&group_adults=2&req_adults=2&no_rooms=1&group_children=0&req_children=0&hpos=22&hapos=22&sr_order=popularity&srpvid=921f5883b4b60176&srepoch=1785760532&all_sr_blocks=1469042401_418229318_6_0_0&highlighted_blocks=1469042401_418229318_6_0_0&matching_block_id=1469042401_418229318_6_0_0&sr_pri_blocks=1469042401_418229318_6_0_0__1100000&from=searchresults,11000,4.0,1.0,Abbottābād,7.3,Four-Bedroom Holiday Home,"9 beds (3 singles, 1 extra-large double, 2 sofa beds, 3 large doubles)",0,1,1,https://cf.bstatic.com/xdata/images/hotel/square240/725530225.webp?k=eb7b7f7962e4cf38dc6822620d29bcdef455c44eccf388518c674113efe63344&o=,4,Abbottabad
Abbott royale farm,https://www.booking.com/hotel/pk/abbott-royale-farm-abbottabad.en-gb.html?aid=304142&label=gen173nr-10CAQoggJCDWNpdHlfLTI3NTQyNzBICVgEaLUBiAEBmAEzuAEHyAEM2AED6AEB-AEBiAIBqAIBuAKHlsLTBsACAdICJDViODA4MTFhLWY5NDMtNGMwOS05NmExLWZiZTNlY2E2OTVkMtgCAeACAQ&ucfs=1&arphpl=1&checkin=2026-08-06&checkout=2026-08-07&dest_id=-2754270&dest_type=city&group_adults=2&req_adults=2&no_rooms=1&group_children=0&req_children=0&hpos=23&hapos=23&sr_order=popularity&srpvid=921f5883b4b60176&srepoch=1785760532&all_sr_blocks=1610297201_431934532_2_2_0&highlighted_blocks=1610297201_431934532_2_2_0&matching_block_id=1610297201_431934532_2_2_0&sr_pri_blocks=1610297201_431934532_2_2_0__700000&from=searchresults,7000,,,Abbottābād,6.0,Double Room with Mountain View,1 large double bed,0,1,1,https://cf.bstatic.com/xdata/images/hotel/square240/846160097.webp?k=8d93224399d823095ba15c623e543d227d391b4996cead64fe9273bdb3cd229a&o=,4,Abbottabad
Galyat Apartments,https://www.booking.com/hotel/pk/galyat-apartments.en-gb.html?aid=304142&label=gen173nr-10CAQoggJCDWNpdHlfLTI3NTQyNzBICVgEaLUBiAEBmAEzuAEHyAEM2AED6AEB-AEBiAIBqAIBuAKHlsLTBsACAdICJDViODA4MTFhLWY5NDMtNGMwOS05NmExLWZiZTNlY2E2OTVkMtgCAeACAQ&ucfs=1&arphpl=1&checkin=2026-08-06&checkout=2026-08-07&dest_id=-2754270&dest_type=city&group_adults=2&req_adults=2&no_rooms=1&group_children=0&req_children=0&hpos=24&hapos=24&sr_order=popularity&srpvid=921f5883b4b60176&srepoch=1785760532&all_sr_blocks=1684832701_440138850_10_0_0&highlighted_blocks=1684832701_440138850_10_0_0&matching_block_id=1684832701_440138850_10_0_0&sr_pri_blocks=1684832701_440138850_10_0_0__1360000&from=searchresults,13600,,,Abbottābād,1.5,Two-Bedroom Apartment,"5 beds (3 doubles, 2 sofa beds)",0,1,1,https://cf.bstatic.com/xdata/images/hotel/square240/892763018.webp?k=018127e01516db6c8df799a914e77e2b257fdfab650d6c2ff99a761e8a6b5d8a&o=,4,Abbottabad
Fogland Guest House,https://www.booking.com/hotel/pk/fogland-guest-house.en-gb.html?aid=304142&label=gen173nr-10CAQoggJCDWNpdHlfLTI3NTQyNzBICVgEaLUBiAEBmAEzuAEHyAEM2AED6AEB-AEBiAIBqAIBuAKHlsLTBsACAdICJDViODA4MTFhLWY5NDMtNGMwOS05NmExLWZiZTNlY2E2OTVkMtgCAeACAQ&ucfs=1&arphpl=1&checkin=2026-08-06&checkout=2026-08-07&dest_id=-2754270&dest_type=city&group_adults=2&req_adults=2&no_rooms=1&group_children=0&req_children=0&hpos=25&hapos=25&sr_order=popularity&srpvid=921f5883b4b60176&srepoch=1785760532&all_sr_blocks=1446563501_416045544_4_0_0&highlighted_blocks=1446563501_416045544_4_0_0&matching_block_id=1446563501_416045544_4_0_0&sr_pri_blocks=1446563501_416045544_4_0_0__2450000&from=searchresults,24500,,,Abbottābād,17.7,Double Room with Private Bathroom,"5 beds (2 singles, 3 doubles)",0,1,1,https://cf.bstatic.com/xdata/images/hotel/square240/704265333.webp?k=7843313c576ff1d3401d65b0c2eba2d8de5e9e654aab80991f1902f6a52dd17d&o=,4,Abbottabad
Pine Edge by T2R - Luxury 2BR Duplex Apartment Private Parking & Stunning Views in Khaira Gali near to Nathia Gali & Muree,https://www.booking.com/hotel/pk/pine-edge-by-t2r-luxury-2br-duplex-apartment-private-parking-amp-stunning-views.en-gb.html?aid=304142&label=gen173nr-10CAQoggJCDWNpdHlfLTI3NTQyNzBICVgEaLUBiAEBmAEzuAEHyAEM2AED6AEB-AEBiAIBqAIBuAKHlsLTBsACAdICJDViODA4MTFhLWY5NDMtNGMwOS05NmExLWZiZTNlY2E2OTVkMtgCAeACAQ&ucfs=1&arphpl=1&checkin=2026-08-06&checkout=2026-08-07&dest_id=-2754270&dest_type=city&group_adults=2&req_adults=2&no_rooms=1&group_children=0&req_children=0&hpos=1&hapos=26&sr_order=popularity&srpvid=921f5883b4b60176&srepoch=1785760532&all_sr_blocks=1449093201_416293445_4_0_0&highlighted_blocks=1449093201_416293445_4_0_0&matching_block_id=1449093201_416293445_4_0_0&sr_pri_blocks=1449093201_416293445_4_0_0__4000000&from=searchresults,40000,,,Abbottābād,25.3,Two-Bedroom Apartment with View,"3 beds (2 singles, 1 double)",0,0,1,https://cf.bstatic.com/xdata/images/hotel/square240/706360324.webp?k=f2a04ceb4f23fbaeca68a18c79c0e1e74abc8eda8b07cd2c0043d13515a7fcd5&o=,3,Abbottabad
Serenity Stay,https://www.booking.com/hotel/pk/serenity-stay-abbottabad.en-gb.html?aid=304142&label=gen173nr-10CAQoggJCDWNpdHlfLTI3NTQyNzBICVgEaLUBiAEBmAEzuAEHyAEM2AED6AEB-AEBiAIBqAIBuAKHlsLTBsACAdICJDViODA4MTFhLWY5NDMtNGMwOS05NmExLWZiZTNlY2E2OTVkMtgCAeACAQ&ucfs=1&arphpl=1&checkin=2026-08-06&checkout=2026-08-07&dest_id=-2754270&dest_type=city&group_adults=2&req_adults=2&no_rooms=1&group_children=0&req_children=0&hpos=2&hapos=27&sr_order=popularity&srpvid=921f5883b4b60176&srepoch=1785760532&all_sr_blocks=1614647101_432344114_2_0_0&highlighted_blocks=1614647101_432344114_2_0_0&matching_block_id=1614647101_432344114_2_0_0&sr_pri_blocks=1614647101_432344114_2_0_0__1350000&from=searchresults,13500,10,1.0,Abbottābād,2.3,Three-Bedroom Villa,"7 beds (1 single, 1 double, 1 sofa bed, 2 large doubles, 2 futons)",0,1,1,https://cf.bstatic.com/xdata/images/hotel/square240/849744691.webp?k=b144fd330b0ae91ca8f4ff209395c7803a8cf1c104c1f75e0fcea09e8da7b07c&o=,4,Abbottabad
Cozy Corner Two-Bedroom,https://www.booking.com/hotel/pk/cozy-corner-two-bedroom.en-gb.html?aid=304142&label=gen173nr-10CAQoggJCDWNpdHlfLTI3NTQyNzBICVgEaLUBiAEBmAEzuAEHyAEM2AED6AEB-AEBiAIBqAIBuAKHlsLTBsACAdICJDViODA4MTFhLWY5NDMtNGMwOS05NmExLWZiZTNlY2E2OTVkMtgCAeACAQ&ucfs=1&arphpl=1&checkin=2026-08-06&checkout=2026-08-07&dest_id=-2754270&dest_type=city&group_adults=2&req_adults=2&no_rooms=1&group_children=0&req_children=0&hpos=3&hapos=28&sr_order=popularity&srpvid=921f5883b4b60176&srepoch=1785760532&all_sr_blocks=1657633401_437650875_4_0_0&highlighted_blocks=1657633401_437650875_4_0_0&matching_block_id=1657633401_437650875_4_0_0&sr_pri_blocks=1657633401_437650875_4_0_0__623000&from=searchresults,6230,1.0,1.0,Abbottābād,0.9,One-Bedroom House,2 double beds,0,1,1,https://cf.bstatic.com/xdata/images/hotel/square240/876761929.webp?k=75296f839f40669c22abc7caf870dd0a80f7b87212f82f464142bab636dcfdae&o=,4,Abbottabad
DREAM LAND cottage,https://www.booking.com/hotel/pk/dream-land-cottage.en-gb.html?aid=304142&label=gen173nr-10CAQoggJCDWNpdHlfLTI3NTQyNzBICVgEaLUBiAEBmAEzuAEHyAEM2AED6AEB-AEBiAIBqAIBuAKHlsLTBsACAdICJDViODA4MTFhLWY5NDMtNGMwOS05NmExLWZiZTNlY2E2OTVkMtgCAeACAQ&ucfs=1&arphpl=1&checkin=2026-08-06&checkout=2026-08-07&dest_id=-2754270&dest_type=city&group_adults=2&req_adults=2&no_rooms=1&group_children=0&req_children=0&hpos=4&hapos=29&sr_order=popularity&srpvid=921f5883b4b60176&srepoch=1785760532&all_sr_blocks=1674837601_439235031_22_2_0&highlighted_blocks=1674837601_439235031_22_2_0&matching_block_id=1674837601_439235031_22_2_0&sr_pri_blocks=1674837601_439235031_22_2_0__5100000&from=searchresults,51000,,,Abbottābād,17.5,One-Bedroom Apartment,"11 beds (3 singles, 4 doubles, 2 sofa beds, 2 large doubles)",0,1,1,https://cf.bstatic.com/xdata/images/hotel/square240/888000070.webp?k=14ecc01ee6b7a2d83f5d90f29f17ba77c7fb382b9091c147ff0a57e6287a8421&o=,4,Abbottabad
Beauty of abbottabad,https://www.booking.com/hotel/pk/beauty-of-abbottabad.en-gb.html?aid=304142&label=gen173nr-10CAQoggJCDWNpdHlfLTI3NTQyNzBICVgEaLUBiAEBmAEzuAEHyAEM2AED6AEB-AEBiAIBqAIBuAKHlsLTBsACAdICJDViODA4MTFhLWY5NDMtNGMwOS05NmExLWZiZTNlY2E2OTVkMtgCAeACAQ&ucfs=1&arphpl=1&checkin=2026-08-06&checkout=2026-08-07&dest_id=-2754270&dest_type=city&group_adults=2&req_adults=2&no_rooms=1&group_children=0&req_children=0&hpos=5&hapos=30&sr_order=popularity&srpvid=921f5883b4b60176&srepoch=1785760532&all_sr_blocks=1493987701_421060818_0_0_0&highlighted_blocks=1493987701_421060818_0_0_0&matching_block_id=1493987701_421060818_0_0_0&sr_pri_blocks=1493987701_421060818_0_0_0__700000&from=searchresults,7000,,,Abbottābād,9.1,Two-Bedroom House,"5 beds (2 singles, 1 double, 2 sofa beds)",0,1,1,https://cf.bstatic.com/xdata/images/hotel/square240/747368378.webp?k=cfadd15403da7fb0161456fafc686242b3933c3637ffffbe32db08bff8b465ce&o=,4,Abbottabad
Tulip Guest House Abbottabad,https://www.booking.com/hotel/pk/tulip-guest-house-abbottabad.en-gb.html?aid=304142&label=gen173nr-10CAQoggJCDWNpdHlfLTI3NTQyNzBICVgEaLUBiAEBmAEzuAEHyAEM2AED6AEB-AEBiAIBqAIBuAKHlsLTBsACAdICJDViODA4MTFhLWY5NDMtNGMwOS05NmExLWZiZTNlY2E2OTVkMtgCAeACAQ&ucfs=1&arphpl=1&checkin=2026-08-06&checkout=2026-08-07&dest_id=-2754270&dest_type=city&group_adults=2&req_adults=2&no_rooms=1&group_children=0&req_children=0&hpos=6&hapos=31&sr_order=popularity&srpvid=921f5883b4b60176&srepoch=1785760532&all_sr_blocks=480327102_335364408_2_1_0&highlighted_blocks=480327102_335364408_2_1_0&matching_block_id=480327102_335364408_2_1_0&sr_pri_blocks=480327102_335364408_2_1_0__949900&from=searchresults,9499,,,Abbottābād,300.0,Deluxe Double Room,1 double bed,1,0,0,https://cf.bstatic.com/xdata/images/hotel/square240/188374571.webp?k=62efc93ddee7a9a9d6bb0947b095ded420ffedc8ed30c900b7295aef9267b2ce&o=,6,Abbottabad
Hotel Comfort Hill,https://www.booking.com/hotel/pk/comfort-hill.en-gb.html?aid=304142&label=gen173nr-10CAQoggJCDWNpdHlfLTI3NTQyNzBICVgEaLUBiAEBmAEzuAEHyAEM2AED6AEB-AEBiAIBqAIBuAKHlsLTBsACAdICJDViODA4MTFhLWY5NDMtNGMwOS05NmExLWZiZTNlY2E2OTVkMtgCAeACAQ&ucfs=1&arphpl=1&checkin=2026-08-06&checkout=2026-08-07&dest_id=-2754270&dest_type=city&group_adults=2&req_adults=2&no_rooms=1&group_children=0&req_children=0&hpos=7&hapos=32&sr_order=popularity&srpvid=921f5883b4b60176&srepoch=1785760532&all_sr_blocks=1447724902_416167728_2_0_0&highlighted_blocks=1447724902_416167728_2_0_0&matching_block_id=1447724902_416167728_2_0_0&sr_pri_blocks=1447724902_416167728_2_0_0__1500000&from=searchresults,15000,,,Abbottābād,7.4,Double Room,1 double bed,0,1,1,https://cf.bstatic.com/xdata/images/hotel/square240/708719974.webp?k=7ac11e9592b726c12d797dd4c0408403ec9b7a321cc44901fbacff2c38433cef&o=,4,Abbottabad
Haven Alpine Retreat - 5BR Luxury Villa in Dunga Gali near Mushkpuri Track,https://www.booking.com/hotel/pk/haven-alpine-retreat-4br-luxury-villa-in-dunga-gali-near-mushkpuri-track.en-gb.html?aid=304142&label=gen173nr-10CAQoggJCDWNpdHlfLTI3NTQyNzBICVgEaLUBiAEBmAEzuAEHyAEM2AED6AEB-AEBiAIBqAIBuAKHlsLTBsACAdICJDViODA4MTFhLWY5NDMtNGMwOS05NmExLWZiZTNlY2E2OTVkMtgCAeACAQ&ucfs=1&arphpl=1&checkin=2026-08-06&checkout=2026-08-07&dest_id=-2754270&dest_type=city&group_adults=2&req_adults=2&no_rooms=1&group_children=0&req_children=0&hpos=8&hapos=33&sr_order=popularity&srpvid=921f5883b4b60176&srepoch=1785760532&all_sr_blocks=1686349401_440274528_12_0_0&highlighted_blocks=1686349401_440274528_12_0_0&matching_block_id=1686349401_440274528_12_0_0&sr_pri_blocks=1686349401_440274528_12_0_0__8160000&from=searchresults,81600,1.0,1.0,Abbottābād,21.2,Villa,"9 beds (5 extra-large doubles, 4 futons)",0,1,1,https://cf.bstatic.com/xdata/images/hotel/square240/893659064.webp?k=db8d18c5d731dc0b1411cf0b55e7c095469795ad228e3b37ccce376aeb302ebd&o=,10,Abbottabad
Usmania Guest House,https://www.booking.com/hotel/pk/usmania-guest-house.en-gb.html?aid=304142&label=gen173nr-10CAQoggJCDWNpdHlfLTI3NTQyNzBICVgEaLUBiAEBmAEzuAEHyAEM2AED6AEB-AEBiAIBqAIBuAKHlsLTBsACAdICJDViODA4MTFhLWY5NDMtNGMwOS05NmExLWZiZTNlY2E2OTVkMtgCAeACAQ&ucfs=1&arphpl=1&checkin=2026-08-06&checkout=2026-08-07&dest_id=-2754270&dest_type=city&group_adults=2&req_adults=2&no_rooms=1&group_children=0&req_children=0&hpos=9&hapos=34&sr_order=popularity&srpvid=921f5883b4b60176&srepoch=1785760532&all_sr_blocks=566399001_368665160_2_0_0&highlighted_blocks=566399001_368665160_2_0_0&matching_block_id=566399001_368665160_2_0_0&sr_pri_blocks=566399001_368665160_2_0_0__580000&from=searchresults,5800,5.7,6.0,Abbottābād,1.5,King Room,1 extra-large double bed,0,0,1,https://cf.bstatic.com/xdata/images/hotel/square240/221561416.webp?k=47d79ac3867b0a7cfbb34274f8448fa9c291accc6cc342d045c1b0959aa23621&o=,5,Abbottabad
Snowra heights,https://www.booking.com/hotel/pk/snowra-heights-abbottabad.en-gb.html?aid=304142&label=gen173nr-10CAQoggJCDWNpdHlfLTI3NTQyNzBICVgEaLUBiAEBmAEzuAEHyAEM2AED6AEB-AEBiAIBqAIBuAKHlsLTBsACAdICJDViODA4MTFhLWY5NDMtNGMwOS05NmExLWZiZTNlY2E2OTVkMtgCAeACAQ&ucfs=1&arphpl=1&checkin=2026-08-06&checkout=2026-08-07&dest_id=-2754270&dest_type=city&group_adults=2&req_adults=2&no_rooms=1&group_children=0&req_children=0&hpos=10&hapos=35&sr_order=popularity&srpvid=921f5883b4b60176&srepoch=1785760532&all_sr_blocks=1690895201_440731121_5_0_0&highlighted_blocks=1690895201_440731121_5_0_0&matching_block_id=1690895201_440731121_5_0_0&sr_pri_blocks=1690895201_440731121_5_0_0__4080000&from=searchresults,40800,,,Abbottābād,25.4,Three-Bedroom Apartment,1 double bed,0,1,1,https://cf.bstatic.com/xdata/images/hotel/square240/896629854.webp?k=4e8f1be0316a3cb38b651dce827bfd0974b8865494bd1fda2e95124f07ffdd4f&o=,4,Abbottabad
GALIYAT HEIGHTS hotels & apartments,https://www.booking.com/hotel/pk/galiyat-heights-hotels-amp-apartments.en-gb.html?aid=304142&label=gen173nr-10CAQoggJCDWNpdHlfLTI3NTQyNzBICVgEaLUBiAEBmAEzuAEHyAEM2AED6AEB-AEBiAIBqAIBuAKHlsLTBsACAdICJDViODA4MTFhLWY5NDMtNGMwOS05NmExLWZiZTNlY2E2OTVkMtgCAeACAQ&ucfs=1&arphpl=1&checkin=2026-08-06&checkout=2026-08-07&dest_id=-2754270&dest_type=city&group_adults=2&req_adults=2&no_rooms=1&group_children=0&req_children=0&hpos=11&hapos=36&sr_order=popularity&srpvid=921f5883b4b60176&srepoch=1785760532&all_sr_blocks=1687412801_440399472_8_0_0&highlighted_blocks=1687412801_440399472_8_0_0&matching_block_id=1687412801_440399472_8_0_0&sr_pri_blocks=1687412801_440399472_8_0_0__1700000&from=searchresults,17000,,,Abbottābād,27.0,Three-Bedroom Apartment,"4 beds (2 doubles, 2 sofa beds)",0,1,1,https://cf.bstatic.com/xdata/images/hotel/square240/894230972.webp?k=910220fd4a71688688a5c17b8e0f10a2335610b8dfeb16136d1ab8a61eef9620&o=,5,Abbottabad
1-Room Cozy Private Stay in Changla Gali,https://www.booking.com/hotel/pk/1-room-cozy-private-stay-in-changla-gali.en-gb.html?aid=304142&label=gen173nr-10CAQoggJCDWNpdHlfLTI3NTQyNzBICVgEaLUBiAEBmAEzuAEHyAEM2AED6AEB-AEBiAIBqAIBuAKHlsLTBsACAdICJDViODA4MTFhLWY5NDMtNGMwOS05NmExLWZiZTNlY2E2OTVkMtgCAeACAQ&ucfs=1&arphpl=1&checkin=2026-08-06&checkout=2026-08-07&dest_id=-2754270&dest_type=city&group_adults=2&req_adults=2&no_rooms=1&group_children=0&req_children=0&hpos=12&hapos=37&sr_order=popularity&srpvid=921f5883b4b60176&srepoch=1785760532&all_sr_blocks=1456096201_416905748_0_0_0&highlighted_blocks=1456096201_416905748_0_0_0&matching_block_id=1456096201_416905748_0_0_0&sr_pri_blocks=1456096201_416905748_0_0_0__2470000&from=searchresults,24700,,,Abbottābād,23.9,One-Bedroom House,"3 beds (2 singles, 1 large double)",0,1,1,https://cf.bstatic.com/xdata/images/hotel/square240/712736769.webp?k=21fc1f1aaac513301b2015f441544fdff6dac0901b827d4e9fc5ddba057bd441&o=,5,Abbottabad
Gali's Home,https://www.booking.com/hotel/pk/galis-home.en-gb.html?aid=304142&label=gen173nr-10CAQoggJCDWNpdHlfLTI3NTQyNzBICVgEaLUBiAEBmAEzuAEHyAEM2AED6AEB-AEBiAIBqAIBuAKHlsLTBsACAdICJDViODA4MTFhLWY5NDMtNGMwOS05NmExLWZiZTNlY2E2OTVkMtgCAeACAQ&ucfs=1&arphpl=1&checkin=2026-08-06&checkout=2026-08-07&dest_id=-2754270&dest_type=city&group_adults=2&req_adults=2&no_rooms=1&group_children=0&req_children=0&hpos=13&hapos=38&sr_order=popularity&srpvid=921f5883b4b60176&srepoch=1785760532&all_sr_blocks=1477513801_419202858_6_0_0&highlighted_blocks=1477513801_419202858_6_0_0&matching_block_id=1477513801_419202858_6_0_0&sr_pri_blocks=1477513801_419202858_6_0_0__6580000&from=searchresults,65800,,,Abbottābād,21.1,One-Bedroom Apartment,1 double bed,0,1,1,https://cf.bstatic.com/xdata/images/hotel/square240/732625183.webp?k=880405d4e02c8b7c2713bdd22412ebc37a010590ef5ee5857a1d70ca4ef4f11e&o=,4,Abbottabad
Happy Stay Guest House,https://www.booking.com/hotel/pk/happy-stay-guest-house-abbottabad.en-gb.html?aid=304142&label=gen173nr-10CAQoggJCDWNpdHlfLTI3NTQyNzBICVgEaLUBiAEBmAEzuAEHyAEM2AED6AEB-AEBiAIBqAIBuAKHlsLTBsACAdICJDViODA4MTFhLWY5NDMtNGMwOS05NmExLWZiZTNlY2E2OTVkMtgCAeACAQ&ucfs=1&arphpl=1&checkin=2026-08-06&checkout=2026-08-07&dest_id=-2754270&dest_type=city&group_adults=2&req_adults=2&no_rooms=1&group_children=0&req_children=0&hpos=14&hapos=39&sr_order=popularity&srpvid=921f5883b4b60176&srepoch=1785760532&all_sr_blocks=790243301_338732785_2_0_0&highlighted_blocks=790243301_338732785_2_0_0&matching_block_id=790243301_338732785_2_0_0&sr_pri_blocks=790243301_338732785_2_0_0__949900&from=searchresults,9499,,,Abbottābād,1.3,Deluxe Double Room,1 double bed,0,0,1,https://cf.bstatic.com/xdata/images/hotel/square240/325908966.webp?k=bc15f0db3e762bdd912584f6fe181619998e04d1b7fcb3a63cbde6a7eebb0e85&o=,3,Abbottabad
Hotel comfort hill,https://www.booking.com/hotel/pk/comfort-hill-abbottabad.en-gb.html?aid=304142&label=gen173nr-10CAQoggJCDWNpdHlfLTI3NTQyNzBICVgEaLUBiAEBmAEzuAEHyAEM2AED6AEB-AEBiAIBqAIBuAKHlsLTBsACAdICJDViODA4MTFhLWY5NDMtNGMwOS05NmExLWZiZTNlY2E2OTVkMtgCAeACAQ&ucfs=1&arphpl=1&checkin=2026-08-06&checkout=2026-08-07&dest_id=-2754270&dest_type=city&group_adults=2&req_adults=2&no_rooms=1&group_children=0&req_children=0&hpos=15&hapos=40&sr_order=popularity&srpvid=921f5883b4b60176&srepoch=1785760532&all_sr_blocks=1640625301_434305594_2_0_0&highlighted_blocks=1640625301_434305594_2_0_0&matching_block_id=1640625301_434305594_2_0_0&sr_pri_blocks=1640625301_434305594_2_0_0__1800000&from=searchresults,18000,,,Abbottābād,7.4,Double Room,1 double bed,0,1,1,https://cf.bstatic.com/xdata/images/hotel/square240/867140636.webp?k=68d5178feb7d24b8cce0b832582962d4b1c09488dbfa0593e28beaa9586ad63f&o=,4,Abbottabad
Ember Guest House,https://www.booking.com/hotel/pk/ember-guest-house.en-gb.html?aid=304142&label=gen173nr-10CAQoggJCDWNpdHlfLTI3NTQyNzBICVgEaLUBiAEBmAEzuAEHyAEM2AED6AEB-AEBiAIBqAIBuAKHlsLTBsACAdICJDViODA4MTFhLWY5NDMtNGMwOS05NmExLWZiZTNlY2E2OTVkMtgCAeACAQ&ucfs=1&arphpl=1&checkin=2026-08-06&checkout=2026-08-07&dest_id=-2754270&dest_type=city&group_adults=2&req_adults=2&no_rooms=1&group_children=0&req_children=0&hpos=16&hapos=41&sr_order=popularity&srpvid=921f5883b4b60176&srepoch=1785760532&all_sr_blocks=1673432401_439102906_6_0_0&highlighted_blocks=1673432401_439102906_6_0_0&matching_block_id=1673432401_439102906_6_0_0&sr_pri_blocks=1673432401_439102906_6_0_0__2210000&from=searchresults,22100,,,Abbottābād,17.8,Two-Bedroom Apartment,"4 beds (1 single, 1 sofa bed, 2 large doubles)",0,1,1,https://cf.bstatic.com/xdata/images/hotel/square240/887243685.webp?k=6952d4fb2e80de5ac239af349e1143e749c072e3f12b2675931492f2520686de&o=,4,Abbottabad
Ranim Family Lodge - Full Space Booking,https://www.booking.com/hotel/pk/ranim-family-lodge-full-space-booking.en-gb.html?aid=304142&label=gen173nr-10CAQoggJCDWNpdHlfLTI3NTQyNzBICVgEaLUBiAEBmAEzuAEHyAEM2AED6AEB-AEBiAIBqAIBuAKHlsLTBsACAdICJDViODA4MTFhLWY5NDMtNGMwOS05NmExLWZiZTNlY2E2OTVkMtgCAeACAQ&ucfs=1&arphpl=1&checkin=2026-08-06&checkout=2026-08-07&dest_id=-2754270&dest_type=city&group_adults=2&req_adults=2&no_rooms=1&group_children=0&req_children=0&hpos=17&hapos=42&sr_order=popularity&srpvid=921f5883b4b60176&srepoch=1785760532&all_sr_blocks=1555282901_426663282_6_0_0&highlighted_blocks=1555282901_426663282_6_0_0&matching_block_id=1555282901_426663282_6_0_0&sr_pri_blocks=1555282901_426663282_6_0_0__1950000&from=searchresults,19500,,,Abbottābād,2.4,Standard Family Room,"3 beds (1 extra-large double, 2 large doubles)",0,1,1,https://cf.bstatic.com/xdata/images/hotel/square240/801473203.webp?k=ba7cf2b37a46e53d7795ac61454815424a5bfecab56e0d2107a4ed31fa60724e&o=,4,Abbottabad
Sangha Cottage,https://www.booking.com/hotel/pk/sangha-cottage.en-gb.html?aid=304142&label=gen173nr-10CAQoggJCDWNpdHlfLTI3NTQyNzBICVgEaLUBiAEBmAEzuAEHyAEM2AED6AEB-AEBiAIBqAIBuAKHlsLTBsACAdICJDViODA4MTFhLWY5NDMtNGMwOS05NmExLWZiZTNlY2E2OTVkMtgCAeACAQ&ucfs=1&arphpl=1&checkin=2026-08-06&checkout=2026-08-07&dest_id=-2754270&dest_type=city&group_adults=2&req_adults=2&no_rooms=1&group_children=0&req_children=0&hpos=18&hapos=43&sr_order=popularity&srpvid=921f5883b4b60176&srepoch=1785760532&all_sr_blocks=1411898801_412930276_2_0_0&highlighted_blocks=1411898801_412930276_2_0_0&matching_block_id=1411898801_412930276_2_0_0&sr_pri_blocks=1411898801_412930276_2_0_0__4400000&from=searchresults,44000,,,Abbottābād,23.9,Two-Bedroom Apartment,"3 beds (2 singles, 1 large double)",0,0,1,https://cf.bstatic.com/xdata/images/hotel/square240/681188142.webp?k=2a102f5e1b6e14845893c965b159303153e08c481fa7f1b8f8514cb7138110fa&o=,3,Abbottabad
Khurram Rent A Car,https://www.booking.com/hotel/pk/khurram-rent-a-car.en-gb.html?aid=304142&label=gen173nr-10CAQoggJCDWNpdHlfLTI3NTQyNzBICVgEaLUBiAEBmAEzuAEHyAEM2AED6AEB-AEBiAIBqAIBuAKHlsLTBsACAdICJDViODA4MTFhLWY5NDMtNGMwOS05NmExLWZiZTNlY2E2OTVkMtgCAeACAQ&ucfs=1&arphpl=1&checkin=2026-08-06&checkout=2026-08-07&dest_id=-2754270&dest_type=city&group_adults=2&req_adults=2&no_rooms=1&group_children=0&req_children=0&hpos=19&hapos=44&sr_order=popularity&srpvid=921f5883b4b60176&srepoch=1785760532&all_sr_blocks=1584341501_429556099_2_0_0&highlighted_blocks=1584341501_429556099_2_0_0&matching_block_id=1584341501_429556099_2_0_0&sr_pri_blocks=1584341501_429556099_2_0_0__550000&from=searchresults,5500,,,Abbottābād,2.4,One-Bedroom Apartment,1 double bed,0,1,1,https://cf.bstatic.com/xdata/images/hotel/square240/826000433.webp?k=c418ed38f676aa00013d1bac775e53daae81fb4feb13f4630f314f8f3f78746f&o=,4,Abbottabad
Mezbaan Guesthouse,https://www.booking.com/hotel/pk/meezban.en-gb.html?aid=304142&label=gen173nr-10CAQoggJCDWNpdHlfLTI3NTQyNzBICVgEaLUBiAEBmAEzuAEHyAEM2AED6AEB-AEBiAIBqAIBuAKHlsLTBsACAdICJDViODA4MTFhLWY5NDMtNGMwOS05NmExLWZiZTNlY2E2OTVkMtgCAeACAQ&ucfs=1&arphpl=1&checkin=2026-08-06&checkout=2026-08-07&dest_id=-2754270&dest_type=city&group_adults=2&req_adults=2&no_rooms=1&group_children=0&req_children=0&hpos=20&hapos=45&sr_order=popularity&srpvid=921f5883b4b60176&srepoch=1785760532&all_sr_blocks=1447963701_416186694_30_0_0&highlighted_blocks=1447963701_416186694_30_0_0&matching_block_id=1447963701_416186694_30_0_0&sr_pri_blocks=1447963701_416186694_30_0_0__12500000&from=searchresults,125000,,,Abbottābād,17.6,One-Bedroom House,"16 beds (8 sofa beds, 8 large doubles)",0,0,1,https://cf.bstatic.com/xdata/images/hotel/square240/705134917.webp?k=2e081ab2e6b44e837738cce57088f376912f743eaa0c520faab6ca3922d2d859&o=,3,Abbottabad
Galyat rooms and cottage,https://www.booking.com/hotel/pk/galyat-rooms-and-cottage.en-gb.html?aid=304142&label=gen173nr-10CAQoggJCDWNpdHlfLTI3NTQyNzBICVgEaLUBiAEBmAEzuAEHyAEM2AED6AEB-AEBiAIBqAIBuAKHlsLTBsACAdICJDViODA4MTFhLWY5NDMtNGMwOS05NmExLWZiZTNlY2E2OTVkMtgCAeACAQ&ucfs=1&arphpl=1&checkin=2026-08-06&checkout=2026-08-07&dest_id=-2754270&dest_type=city&group_adults=2&req_adults=2&no_rooms=1&group_children=0&req_children=0&hpos=21&hapos=46&sr_order=popularity&srpvid=921f5883b4b60176&srepoch=1785760532&all_sr_blocks=1692759301_440934996_4_0_0&highlighted_blocks=1692759301_440934996_4_0_0&matching_block_id=1692759301_440934996_4_0_0&sr_pri_blocks=1692759301_440934996_4_0_0__1020000&from=searchresults,10200,,,Abbottābād,17.9,Double Room with Private Bathroom,"12 beds (4 singles, 4 doubles, 2 extra-large doubles, 2 large doubles)",0,1,1,https://cf.bstatic.com/xdata/images/hotel/square240/898003194.webp?k=f2f16dd02410e71edaf7113373045e8ed9ecdcb4cf9c807e5e7201f843b37491&o=,5,Abbottabad
Grand Montis Hotel,https://www.booking.com/hotel/pk/grand-montis.en-gb.html?aid=304142&label=gen173nr-10CAQoggJCDWNpdHlfLTI3NTQyNzBICVgEaLUBiAEBmAEzuAEHyAEM2AED6AEB-AEBiAIBqAIBuAKHlsLTBsACAdICJDViODA4MTFhLWY5NDMtNGMwOS05NmExLWZiZTNlY2E2OTVkMtgCAeACAQ&ucfs=1&arphpl=1&checkin=2026-08-06&checkout=2026-08-07&dest_id=-2754270&dest_type=city&group_adults=2&req_adults=2&no_rooms=1&group_children=0&req_children=0&hpos=22&hapos=47&sr_order=popularity&srpvid=921f5883b4b60176&srepoch=1785760532&all_sr_blocks=1574220402_428479876_2_1_0&highlighted_blocks=1574220402_428479876_2_1_0&matching_block_id=1574220402_428479876_2_1_0&sr_pri_blocks=1574220402_428479876_2_1_0__1000000&from=searchresults,10000,8.3,12.0,Abbottābād,7.1,Twin Room,2 single beds,1,1,1,https://cf.bstatic.com/xdata/images/hotel/square240/902245302.webp?k=d038bc94f4e6909bc1645bee48cdb929d6041e4e9da10ff048215905b4640f01&o=,6,Abbottabad
Triple One Premier,https://www.booking.com/hotel/pk/111-premier.en-gb.html?aid=304142&label=gen173nr-10CAQoggJCDWNpdHlfLTI3NTQyNzBICVgEaLUBiAEBmAEzuAEHyAEM2AED6AEB-AEBiAIBqAIBuAKHlsLTBsACAdICJDViODA4MTFhLWY5NDMtNGMwOS05NmExLWZiZTNlY2E2OTVkMtgCAeACAQ&ucfs=1&arphpl=1&checkin=2026-08-06&checkout=2026-08-07&dest_id=-2754270&dest_type=city&group_adults=2&req_adults=2&no_rooms=1&group_children=0&req_children=0&hpos=23&hapos=48&sr_order=popularity&srpvid=921f5883b4b60176&srepoch=1785760532&all_sr_blocks=1531798401_424704834_0_42_0&highlighted_blocks=1531798401_424704834_0_42_0&matching_block_id=1531798401_424704834_0_42_0&sr_pri_blocks=1531798401_424704834_0_42_0__350000&from=searchresults,3500,7.9,17.0,Abbottābād,3.6,Junior Suite,1 large double bed,0,1,1,https://cf.bstatic.com/xdata/images/hotel/square240/781349460.webp?k=b07a0f13d7ce30094a9afa454a51d996cef3be52e91401d8525b0aa7d5865d5a&o=,10,Abbottabad
